rxcui,drug_name,ehi_v6_score,ehi_v6_rank,ehi_v6_percentile,ehi_v6_tier_label,utilization_score,spend_score,population_impact_score,disease_burden_score,risk_score,ehi_score,ehi_rank,ehi_percentile,ehi_tier_label,ehi_v6_framework_version,ehi_v6_weighting_method,ehi_v6_validation_score,ehi_v6_validation_status,ehi_v6_dashboard_language
327361,adalimumab,94.3367,1,100.0,Strategic Priority,99.88,100.0,99.85,100.0,33.66,93.31,1,100.0,Enterprise Critical,EHI_V6_PRODUCTION_MASTER_V1,Hybrid ML-informed transparent weighting,92.53,Validated,"Calculated using a statistically calibrated healthcare importance framework incorporating utilization, spend, population impact, disease burden, and risk. Tier assignments are percentile-calibrated and validated using ML weight discovery, sensitivity testing, benchmark analysis, and validation scoring."
1364430,apixaban,94.2522,2,99.996681,Strategic Priority,99.95,99.9,99.95,99.85,32.64,93.19,4,99.99,Enterprise Critical,EHI_V6_PRODUCTION_MASTER_V1,Hybrid ML-informed transparent weighting,92.53,Validated,"Calculated using a statistically calibrated healthcare importance framework incorporating utilization, spend, population impact, disease burden, and risk. Tier assignments are percentile-calibrated and validated using ML weight discovery, sensitivity testing, benchmark analysis, and validation scoring."
253337,bevacizumab,94.2446,3,99.993362,Strategic Priority,99.66,99.99,99.7,99.94,34.01,93.24,2,100.0,Enterprise Critical,EHI_V6_PRODUCTION_MASTER_V1,Hybrid ML-informed transparent weighting,92.53,Validated,"Calculated using a statistically calibrated healthcare importance framework incorporating utilization, spend, population impact, disease burden, and risk. Tier assignments are percentile-calibrated and validated using ML weight discovery, sensitivity testing, benchmark analysis, and validation scoring."
1547545,pembrolizumab,94.2329,4,99.990043,Strategic Priority,99.64,99.99,99.69,99.93,34.0,93.23,3,99.99,Enterprise Critical,EHI_V6_PRODUCTION_MASTER_V1,Hybrid ML-informed transparent weighting,92.53,Validated,"Calculated using a statistically calibrated healthcare importance framework incorporating utilization, spend, population impact, disease burden, and risk. Tier assignments are percentile-calibrated and validated using ML weight discovery, sensitivity testing, benchmark analysis, and validation scoring."
253182,"insulin, regular, human",94.2304,5,99.986725,Strategic Priority,100.0,99.96,100.0,99.95,31.73,93.15,7,99.97,Enterprise Critical,EHI_V6_PRODUCTION_MASTER_V1,Hybrid ML-informed transparent weighting,92.53,Validated,"Calculated using a statistically calibrated healthcare importance framework incorporating utilization, spend, population impact, disease burden, and risk. Tier assignments are percentile-calibrated and validated using ML weight discovery, sensitivity testing, benchmark analysis, and validation scoring."
86009,insulin lispro,94.2117,6,99.983406,Strategic Priority,99.99,99.95,100.0,99.92,31.63,93.13,8,99.97,Enterprise Critical,EHI_V6_PRODUCTION_MASTER_V1,Hybrid ML-informed transparent weighting,92.53,Validated,"Calculated using a statistically calibrated healthcare importance framework incorporating utilization, spend, population impact, disease burden, and risk. Tier assignments are percentile-calibrated and validated using ML weight discovery, sensitivity testing, benchmark analysis, and validation scoring."
342369,lenalidomide,94.2046,7,99.980087,Strategic Priority,99.68,100.0,99.68,99.81,33.67,93.18,5,99.99,Enterprise Critical,EHI_V6_PRODUCTION_MASTER_V1,Hybrid ML-informed transparent weighting,92.53,Validated,"Calculated using a statistically calibrated healthcare importance framework incorporating utilization, spend, population impact, disease burden, and risk. Tier assignments are percentile-calibrated and validated using ML weight discovery, sensitivity testing, benchmark analysis, and validation scoring."
274783,insulin glargine,94.2019,8,99.976768,Strategic Priority,99.99,99.94,99.99,99.95,31.51,93.12,9,99.97,Enterprise Critical,EHI_V6_PRODUCTION_MASTER_V1,Hybrid ML-informed transparent weighting,92.53,Validated,"Calculated using a statistically calibrated healthcare importance framework incorporating utilization, spend, population impact, disease burden, and risk. Tier assignments are percentile-calibrated and validated using ML weight discovery, sensitivity testing, benchmark analysis, and validation scoring."
51428,"insulin aspart, human",94.1978,9,99.973449,Strategic Priority,99.99,99.95,99.99,99.88,31.55,93.11,10,99.96,Enterprise Critical,EHI_V6_PRODUCTION_MASTER_V1,Hybrid ML-informed transparent weighting,92.53,Validated,"Calculated using a statistically calibrated healthcare importance framework incorporating utilization, spend, population impact, disease burden, and risk. Tier assignments are percentile-calibrated and validated using ML weight discovery, sensitivity testing, benchmark analysis, and validation scoring."
224905,trastuzumab,94.197,10,99.97013,Strategic Priority,99.66,99.99,99.68,99.84,33.65,93.18,5,99.99,Enterprise Critical,EHI_V6_PRODUCTION_MASTER_V1,Hybrid ML-informed transparent weighting,92.53,Validated,"Calculated using a statistically calibrated healthcare importance framework incorporating utilization, spend, population impact, disease burden, and risk. Tier assignments are percentile-calibrated and validated using ML weight discovery, sensitivity testing, benchmark analysis, and validation scoring."
1670007,insulin degludec,94.1904,11,99.966812,Strategic Priority,99.98,99.94,99.98,99.95,31.44,93.11,10,99.96,Enterprise Critical,EHI_V6_PRODUCTION_MASTER_V1,Hybrid ML-informed transparent weighting,92.53,Validated,"Calculated using a statistically calibrated healthcare importance framework incorporating utilization, spend, population impact, disease burden, and risk. Tier assignments are percentile-calibrated and validated using ML weight discovery, sensitivity testing, benchmark analysis, and validation scoring."
400008,"insulin glulisine, human",94.1807,12,99.963493,Strategic Priority,99.98,99.93,99.98,99.92,31.4,93.1,11,99.95,Enterprise Critical,EHI_V6_PRODUCTION_MASTER_V1,Hybrid ML-informed transparent weighting,92.53,Validated,"Calculated using a statistically calibrated healthcare importance framework incorporating utilization, spend, population impact, disease burden, and risk. Tier assignments are percentile-calibrated and validated using ML weight discovery, sensitivity testing, benchmark analysis, and validation scoring."
1597876,nivolumab,94.175,13,99.960174,Strategic Priority,99.64,99.98,99.65,99.85,33.55,93.16,6,99.98,Enterprise Critical,EHI_V6_PRODUCTION_MASTER_V1,Hybrid ML-informed transparent weighting,92.53,Validated,"Calculated using a statistically calibrated healthcare importance framework incorporating utilization, spend, population impact, disease burden, and risk. Tier assignments are percentile-calibrated and validated using ML weight discovery, sensitivity testing, benchmark analysis, and validation scoring."
121191,rituximab,94.1705,14,99.956855,Strategic Priority,99.64,99.98,99.64,99.86,33.5,93.16,6,99.98,Enterprise Critical,EHI_V6_PRODUCTION_MASTER_V1,Hybrid ML-informed transparent weighting,92.53,Validated,"Calculated using a statistically calibrated healthcare importance framework incorporating utilization, spend, population impact, disease burden, and risk. Tier assignments are percentile-calibrated and validated using ML weight discovery, sensitivity testing, benchmark analysis, and validation scoring."
11289,warfarin,94.1606,15,99.953536,Strategic Priority,99.88,99.86,99.88,99.79,32.22,93.09,12,99.95,Enterprise Critical,EHI_V6_PRODUCTION_MASTER_V1,Hybrid ML-informed transparent weighting,92.53,Validated,"Calculated using a statistically calibrated healthcare importance framework incorporating utilization, spend, population impact, disease burden, and risk. Tier assignments are percentile-calibrated and validated using ML weight discovery, sensitivity testing, benchmark analysis, and validation scoring."
1991302,semaglutide,94.1467,16,99.950217,Strategic Priority,99.97,99.91,99.96,99.88,31.2,93.06,14,99.94,Enterprise Critical,EHI_V6_PRODUCTION_MASTER_V1,Hybrid ML-informed transparent weighting,92.53,Validated,"Calculated using a statistically calibrated healthcare importance framework incorporating utilization, spend, population impact, disease burden, and risk. Tier assignments are percentile-calibrated and validated using ML weight discovery, sensitivity testing, benchmark analysis, and validation scoring."
191831,infliximab,94.1426,17,99.946899,Strategic Priority,99.72,99.96,99.71,99.83,32.76,93.1,11,99.95,Enterprise Critical,EHI_V6_PRODUCTION_MASTER_V1,Hybrid ML-informed transparent weighting,92.53,Validated,"Calculated using a statistically calibrated healthcare importance framework incorporating utilization, spend, population impact, disease burden, and risk. Tier assignments are percentile-calibrated and validated using ML weight discovery, sensitivity testing, benchmark analysis, and validation scoring."
1721560,osimertinib,94.129,18,99.94358,Strategic Priority,99.64,99.98,99.64,99.56,33.5,93.1,11,99.95,Enterprise Critical,EHI_V6_PRODUCTION_MASTER_V1,Hybrid ML-informed transparent weighting,92.53,Validated,"Calculated using a statistically calibrated healthcare importance framework incorporating utilization, spend, population impact, disease burden, and risk. Tier assignments are percentile-calibrated and validated using ML weight discovery, sensitivity testing, benchmark analysis, and validation scoring."
214555,etanercept,94.1194,19,99.940261,Strategic Priority,99.72,99.96,99.69,99.76,32.64,93.08,13,99.94,Enterprise Critical,EHI_V6_PRODUCTION_MASTER_V1,Hybrid ML-informed transparent weighting,92.53,Validated,"Calculated using a statistically calibrated healthcare importance framework incorporating utilization, spend, population impact, disease burden, and risk. Tier assignments are percentile-calibrated and validated using ML weight discovery, sensitivity testing, benchmark analysis, and validation scoring."
114194,warfarin sodium,94.1173,20,99.936942,Strategic Priority,99.85,99.85,99.8,99.79,32.03,93.05,15,99.93,Enterprise Critical,EHI_V6_PRODUCTION_MASTER_V1,Hybrid ML-informed transparent weighting,92.53,Validated,"Calculated using a statistically calibrated healthcare importance framework incorporating utilization, spend, population impact, disease burden, and risk. Tier assignments are percentile-calibrated and validated using ML weight discovery, sensitivity testing, benchmark analysis, and validation scoring."
1371041,ado-trastuzumab emtansine,94.0948,21,99.933623,Strategic Priority,99.62,99.97,99.57,99.44,33.55,93.06,14,99.94,Enterprise Critical,EHI_V6_PRODUCTION_MASTER_V1,Hybrid ML-informed transparent weighting,92.53,Validated,"Calculated using a statistically calibrated healthcare importance framework incorporating utilization, spend, population impact, disease burden, and risk. Tier assignments are percentile-calibrated and validated using ML weight discovery, sensitivity testing, benchmark analysis, and validation scoring."
32968,clopidogrel,94.0806,22,99.930304,Strategic Priority,99.86,99.86,99.79,99.59,31.87,93.0,18,99.92,Enterprise Critical,EHI_V6_PRODUCTION_MASTER_V1,Hybrid ML-informed transparent weighting,92.53,Validated,"Calculated using a statistically calibrated healthcare importance framework incorporating utilization, spend, population impact, disease burden, and risk. Tier assignments are percentile-calibrated and validated using ML weight discovery, sensitivity testing, benchmark analysis, and validation scoring."
253181,"insulin isophane, human",94.0755,23,99.926985,Strategic Priority,99.98,99.93,99.98,99.3,31.17,92.95,20,99.91,Enterprise Critical,EHI_V6_PRODUCTION_MASTER_V1,Hybrid ML-informed transparent weighting,92.53,Validated,"Calculated using a statistically calibrated healthcare importance framework incorporating utilization, spend, population impact, disease burden, and risk. Tier assignments are percentile-calibrated and validated using ML weight discovery, sensitivity testing, benchmark analysis, and validation scoring."
847083,ustekinumab,94.0741,24,99.923667,Strategic Priority,99.69,99.94,99.62,99.67,32.58,93.03,16,99.93,Enterprise Critical,EHI_V6_PRODUCTION_MASTER_V1,Hybrid ML-informed transparent weighting,92.53,Validated,"Calculated using a statistically calibrated healthcare importance framework incorporating utilization, spend, population impact, disease burden, and risk. Tier assignments are percentile-calibrated and validated using ML weight discovery, sensitivity testing, benchmark analysis, and validation scoring."
1116632,ticagrelor,94.06,25,99.920348,Strategic Priority,99.84,99.84,99.77,99.56,31.86,92.98,19,99.92,Enterprise Critical,EHI_V6_PRODUCTION_MASTER_V1,Hybrid ML-informed transparent weighting,92.53,Validated,"Calculated using a statistically calibrated healthcare importance framework incorporating utilization, spend, population impact, disease burden, and risk. Tier assignments are percentile-calibrated and validated using ML weight discovery, sensitivity testing, benchmark analysis, and validation scoring."
1442981,ibrutinib,94.0419,26,99.917029,Strategic Priority,99.61,99.97,99.31,99.45,33.47,93.01,17,99.93,Enterprise Critical,EHI_V6_PRODUCTION_MASTER_V1,Hybrid ML-informed transparent weighting,92.53,Validated,"Calculated using a statistically calibrated healthcare importance framework incorporating utilization, spend, population impact, disease burden, and risk. Tier assignments are percentile-calibrated and validated using ML weight discovery, sensitivity testing, benchmark analysis, and validation scoring."
221108,"insulin isophane, pork",94.0244,27,99.91371,Strategic Priority,99.97,99.92,99.97,99.09,31.0,92.88,24,99.89,Enterprise Critical,EHI_V6_PRODUCTION_MASTER_V1,Hybrid ML-informed transparent weighting,92.53,Validated,"Calculated using a statistically calibrated healthcare importance framework incorporating utilization, spend, population impact, disease burden, and risk. Tier assignments are percentile-calibrated and validated using ML weight discovery, sensitivity testing, benchmark analysis, and validation scoring."
352385,"insulin aspart protamine, human",94.0124,28,99.910391,Strategic Priority,99.97,99.92,99.93,99.46,30.33,92.89,23,99.9,Enterprise Critical,EHI_V6_PRODUCTION_MASTER_V1,Hybrid ML-informed transparent weighting,92.53,Validated,"Calculated using a statistically calibrated healthcare importance framework incorporating utilization, spend, population impact, disease burden, and risk. Tier assignments are percentile-calibrated and validated using ML weight discovery, sensitivity testing, benchmark analysis, and validation scoring."
8638,prednisolone,93.994,29,99.907072,Strategic Priority,99.83,99.78,99.95,99.78,30.56,92.9,22,99.9,Enterprise Critical,EHI_V6_PRODUCTION_MASTER_V1,Hybrid ML-informed transparent weighting,92.53,Validated,"Calculated using a statistically calibrated healthcare importance framework incorporating utilization, spend, population impact, disease burden, and risk. Tier assignments are percentile-calibrated and validated using ML weight discovery, sensitivity testing, benchmark analysis, and validation scoring."
236991,clopidogrel bisulfate,93.9862,30,99.903754,Strategic Priority,99.85,99.85,99.73,99.25,31.5,92.88,24,99.89,Enterprise Critical,EHI_V6_PRODUCTION_MASTER_V1,Hybrid ML-informed transparent weighting,92.53,Validated,"Calculated using a statistically calibrated healthcare importance framework incorporating utilization, spend, population impact, disease burden, and risk. Tier assignments are percentile-calibrated and validated using ML weight discovery, sensitivity testing, benchmark analysis, and validation scoring."
3264,dexamethasone,93.9849,31,99.900435,Strategic Priority,99.82,99.77,99.94,99.77,30.56,92.89,23,99.9,Enterprise Critical,EHI_V6_PRODUCTION_MASTER_V1,Hybrid ML-informed transparent weighting,92.53,Validated,"Calculated using a statistically calibrated healthcare importance framework incorporating utilization, spend, population impact, disease burden, and risk. Tier assignments are percentile-calibrated and validated using ML weight discovery, sensitivity testing, benchmark analysis, and validation scoring."
5492,hydrocortisone,93.9807,32,99.897116,Strategic Priority,99.82,99.77,99.94,99.74,30.56,92.88,24,99.89,Enterprise Critical,EHI_V6_PRODUCTION_MASTER_V1,Hybrid ML-informed transparent weighting,92.53,Validated,"Calculated using a statistically calibrated healthcare importance framework incorporating utilization, spend, population impact, disease burden, and risk. Tier assignments are percentile-calibrated and validated using ML weight discovery, sensitivity testing, benchmark analysis, and validation scoring."
1599538,edoxaban,93.9803,33,99.893797,Strategic Priority,99.79,99.83,99.71,99.36,31.62,92.89,23,99.9,Enterprise Critical,EHI_V6_PRODUCTION_MASTER_V1,Hybrid ML-informed transparent weighting,92.53,Validated,"Calculated using a statistically calibrated healthcare importance framework incorporating utilization, spend, population impact, disease burden, and risk. Tier assignments are percentile-calibrated and validated using ML weight discovery, sensitivity testing, benchmark analysis, and validation scoring."
10759,triamcinolone,93.979,34,99.890478,Strategic Priority,99.81,99.77,99.93,99.78,30.54,92.88,24,99.89,Enterprise Critical,EHI_V6_PRODUCTION_MASTER_V1,Hybrid ML-informed transparent weighting,92.53,Validated,"Calculated using a statistically calibrated healthcare importance framework incorporating utilization, spend, population impact, disease burden, and risk. Tier assignments are percentile-calibrated and validated using ML weight discovery, sensitivity testing, benchmark analysis, and validation scoring."
2103477,adalimumab-adbm,93.9787,35,99.887159,Strategic Priority,99.58,99.75,99.59,100.0,31.97,92.95,20,99.91,Enterprise Critical,EHI_V6_PRODUCTION_MASTER_V1,Hybrid ML-informed transparent weighting,92.53,Validated,"Calculated using a statistically calibrated healthcare importance framework incorporating utilization, spend, population impact, disease burden, and risk. Tier assignments are percentile-calibrated and validated using ML weight discovery, sensitivity testing, benchmark analysis, and validation scoring."
2103479,adalimumab-atto,93.9787,35,99.887159,Strategic Priority,99.58,99.75,99.59,100.0,31.97,92.95,20,99.91,Enterprise Critical,EHI_V6_PRODUCTION_MASTER_V1,Hybrid ML-informed transparent weighting,92.53,Validated,"Calculated using a statistically calibrated healthcare importance framework incorporating utilization, spend, population impact, disease burden, and risk. Tier assignments are percentile-calibrated and validated using ML weight discovery, sensitivity testing, benchmark analysis, and validation scoring."
2612153,adalimumab-bwwd,93.97,37,99.880522,Strategic Priority,99.58,99.75,99.56,99.98,31.96,92.94,21,99.91,Enterprise Critical,EHI_V6_PRODUCTION_MASTER_V1,Hybrid ML-informed transparent weighting,92.53,Validated,"Calculated using a statistically calibrated healthcare importance framework incorporating utilization, spend, population impact, disease burden, and risk. Tier assignments are percentile-calibrated and validated using ML weight discovery, sensitivity testing, benchmark analysis, and validation scoring."
8640,prednisone,93.9648,38,99.877203,Strategic Priority,99.81,99.76,99.92,99.73,30.5,92.87,25,99.88,Enterprise Critical,EHI_V6_PRODUCTION_MASTER_V1,Hybrid ML-informed transparent weighting,92.53,Validated,"Calculated using a statistically calibrated healthcare importance framework incorporating utilization, spend, population impact, disease burden, and risk. Tier assignments are percentile-calibrated and validated using ML weight discovery, sensitivity testing, benchmark analysis, and validation scoring."
6902,methylprednisolone,93.9635,39,99.873884,Strategic Priority,99.81,99.76,99.92,99.72,30.5,92.86,26,99.87,Enterprise Critical,EHI_V6_PRODUCTION_MASTER_V1,Hybrid ML-informed transparent weighting,92.53,Validated,"Calculated using a statistically calibrated healthcare importance framework incorporating utilization, spend, population impact, disease burden, and risk. Tier assignments are percentile-calibrated and validated using ML weight discovery, sensitivity testing, benchmark analysis, and validation scoring."
60548,exenatide,93.9586,40,99.870565,Strategic Priority,99.92,99.87,99.87,99.59,29.96,92.84,27,99.87,Enterprise Critical,EHI_V6_PRODUCTION_MASTER_V1,Hybrid ML-informed transparent weighting,92.53,Validated,"Calculated using a statistically calibrated healthcare importance framework incorporating utilization, spend, population impact, disease burden, and risk. Tier assignments are percentile-calibrated and validated using ML weight discovery, sensitivity testing, benchmark analysis, and validation scoring."
1545653,empagliflozin,93.9578,41,99.867246,Strategic Priority,99.93,99.88,99.9,99.54,29.9,92.83,28,99.86,Enterprise Critical,EHI_V6_PRODUCTION_MASTER_V1,Hybrid ML-informed transparent weighting,92.53,Validated,"Calculated using a statistically calibrated healthcare importance framework incorporating utilization, spend, population impact, disease burden, and risk. Tier assignments are percentile-calibrated and validated using ML weight discovery, sensitivity testing, benchmark analysis, and validation scoring."
83367,atorvastatin,93.9543,42,99.863928,Strategic Priority,99.95,99.82,99.97,99.7,29.52,92.83,28,99.86,Enterprise Critical,EHI_V6_PRODUCTION_MASTER_V1,Hybrid ML-informed transparent weighting,92.53,Validated,"Calculated using a statistically calibrated healthcare importance framework incorporating utilization, spend, population impact, disease burden, and risk. Tier assignments are percentile-calibrated and validated using ML weight discovery, sensitivity testing, benchmark analysis, and validation scoring."
1551291,dulaglutide,93.9516,43,99.860609,Strategic Priority,99.92,99.87,99.88,99.6,29.84,92.83,28,99.86,Enterprise Critical,EHI_V6_PRODUCTION_MASTER_V1,Hybrid ML-informed transparent weighting,92.53,Validated,"Calculated using a statistically calibrated healthcare importance framework incorporating utilization, spend, population impact, disease burden, and risk. Tier assignments are percentile-calibrated and validated using ML weight discovery, sensitivity testing, benchmark analysis, and validation scoring."
1373458,canagliflozin,93.942,44,99.85729,Strategic Priority,99.92,99.87,99.83,99.64,29.76,92.82,29,99.84,Enterprise Critical,EHI_V6_PRODUCTION_MASTER_V1,Hybrid ML-informed transparent weighting,92.53,Validated,"Calculated using a statistically calibrated healthcare importance framework incorporating utilization, spend, population impact, disease burden, and risk. Tier assignments are percentile-calibrated and validated using ML weight discovery, sensitivity testing, benchmark analysis, and validation scoring."
103468,hydrocortisone butyrate,93.9371,45,99.853971,Strategic Priority,99.8,99.73,99.91,99.69,30.38,92.84,27,99.87,Enterprise Critical,EHI_V6_PRODUCTION_MASTER_V1,Hybrid ML-informed transparent weighting,92.53,Validated,"Calculated using a statistically calibrated healthcare importance framework incorporating utilization, spend, population impact, disease burden, and risk. Tier assignments are percentile-calibrated and validated using ML weight discovery, sensitivity testing, benchmark analysis, and validation scoring."
6809,metformin,93.937,46,99.850652,Strategic Priority,99.96,99.83,99.97,99.64,29.34,92.8,31,99.83,Enterprise Critical,EHI_V6_PRODUCTION_MASTER_V1,Hybrid ML-informed transparent weighting,92.53,Validated,"Calculated using a statistically calibrated healthcare importance framework incorporating utilization, spend, population impact, disease burden, and risk. Tier assignments are percentile-calibrated and validated using ML weight discovery, sensitivity testing, benchmark analysis, and validation scoring."
475968,liraglutide,93.9319,47,99.847333,Strategic Priority,99.93,99.88,99.91,99.28,30.0,92.79,32,99.82,Enterprise Critical,EHI_V6_PRODUCTION_MASTER_V1,Hybrid ML-informed transparent weighting,92.53,Validated,"Calculated using a statistically calibrated healthcare importance framework incorporating utilization, spend, population impact, disease burden, and risk. Tier assignments are percentile-calibrated and validated using ML weight discovery, sensitivity testing, benchmark analysis, and validation scoring."
19831,budesonide,93.9315,48,99.844014,Strategic Priority,99.8,99.76,99.91,99.59,30.4,92.82,29,99.84,Enterprise Critical,EHI_V6_PRODUCTION_MASTER_V1,Hybrid ML-informed transparent weighting,92.53,Validated,"Calculated using a statistically calibrated healthcare importance framework incorporating utilization, spend, population impact, disease burden, and risk. Tier assignments are percentile-calibrated and validated using ML weight discovery, sensitivity testing, benchmark analysis, and validation scoring."
27197,hydrocortisone acetate,93.9286,49,99.840696,Strategic Priority,99.79,99.72,99.89,99.74,30.31,92.83,28,99.86,Enterprise Critical,EHI_V6_PRODUCTION_MASTER_V1,Hybrid ML-informed transparent weighting,92.53,Validated,"Calculated using a statistically calibrated healthcare importance framework incorporating utilization, spend, population impact, disease burden, and risk. Tier assignments are percentile-calibrated and validated using ML weight discovery, sensitivity testing, benchmark analysis, and validation scoring."
10582,levothyroxine,93.9286,50,99.837377,Strategic Priority,99.96,99.83,99.96,99.75,29.08,92.8,31,99.83,Enterprise Critical,EHI_V6_PRODUCTION_MASTER_V1,Hybrid ML-informed transparent weighting,92.53,Validated,"Calculated using a statistically calibrated healthcare importance framework incorporating utilization, spend, population impact, disease burden, and risk. Tier assignments are percentile-calibrated and validated using ML weight discovery, sensitivity testing, benchmark analysis, and validation scoring."
314684,"insulin lispro protamine, human",93.9226,51,99.834058,Strategic Priority,99.95,99.9,99.82,99.16,30.12,92.78,33,99.81,Enterprise Critical,EHI_V6_PRODUCTION_MASTER_V1,Hybrid ML-informed transparent weighting,92.53,Validated,"Calculated using a statistically calibrated healthcare importance framework incorporating utilization, spend, population impact, disease burden, and risk. Tier assignments are percentile-calibrated and validated using ML weight discovery, sensitivity testing, benchmark analysis, and validation scoring."
27196,hydrocortisone probutate,93.9192,52,99.830739,Strategic Priority,99.79,99.72,99.88,99.69,30.3,92.82,29,99.84,Enterprise Critical,EHI_V6_PRODUCTION_MASTER_V1,Hybrid ML-informed transparent weighting,92.53,Validated,"Calculated using a statistically calibrated healthcare importance framework incorporating utilization, spend, population impact, disease burden, and risk. Tier assignments are percentile-calibrated and validated using ML weight discovery, sensitivity testing, benchmark analysis, and validation scoring."
1538097,vedolizumab,93.9178,53,99.82742,Strategic Priority,99.63,99.93,99.35,99.09,32.52,92.84,27,99.87,Enterprise Critical,EHI_V6_PRODUCTION_MASTER_V1,Hybrid ML-informed transparent weighting,92.53,Validated,"Calculated using a statistically calibrated healthcare importance framework incorporating utilization, spend, population impact, disease burden, and risk. Tier assignments are percentile-calibrated and validated using ML weight discovery, sensitivity testing, benchmark analysis, and validation scoring."
41126,fluticasone,93.9142,54,99.824101,Strategic Priority,99.8,99.74,99.89,99.57,30.32,92.8,31,99.83,Enterprise Critical,EHI_V6_PRODUCTION_MASTER_V1,Hybrid ML-informed transparent weighting,92.53,Validated,"Calculated using a statistically calibrated healthcare importance framework incorporating utilization, spend, population impact, disease burden, and risk. Tier assignments are percentile-calibrated and validated using ML weight discovery, sensitivity testing, benchmark analysis, and validation scoring."
48933,dexamethasone sodium phosphate,93.9125,55,99.820783,Strategic Priority,99.78,99.71,99.87,99.71,30.28,92.81,30,99.84,Enterprise Critical,EHI_V6_PRODUCTION_MASTER_V1,Hybrid ML-informed transparent weighting,92.53,Validated,"Calculated using a statistically calibrated healthcare importance framework incorporating utilization, spend, population impact, disease burden, and risk. Tier assignments are percentile-calibrated and validated using ML weight discovery, sensitivity testing, benchmark analysis, and validation scoring."
55062,prednisolone sodium phosphate,93.9058,56,99.817464,Strategic Priority,99.77,99.69,99.86,99.77,30.22,92.81,30,99.84,Enterprise Critical,EHI_V6_PRODUCTION_MASTER_V1,Hybrid ML-informed transparent weighting,92.53,Validated,"Calculated using a statistically calibrated healthcare importance framework incorporating utilization, spend, population impact, disease burden, and risk. Tier assignments are percentile-calibrated and validated using ML weight discovery, sensitivity testing, benchmark analysis, and validation scoring."
34372,prednisolone acetate,93.8986,57,99.814145,Strategic Priority,99.77,99.69,99.85,99.73,30.22,92.8,31,99.83,Enterprise Critical,EHI_V6_PRODUCTION_MASTER_V1,Hybrid ML-informed transparent weighting,92.53,Validated,"Calculated using a statistically calibrated healthcare importance framework incorporating utilization, spend, population impact, disease burden, and risk. Tier assignments are percentile-calibrated and validated using ML weight discovery, sensitivity testing, benchmark analysis, and validation scoring."
235743,metformin hydrochloride,93.8953,58,99.810826,Strategic Priority,99.94,99.81,99.95,99.64,29.03,92.76,34,99.8,Enterprise Critical,EHI_V6_PRODUCTION_MASTER_V1,Hybrid ML-informed transparent weighting,92.53,Validated,"Calculated using a statistically calibrated healthcare importance framework incorporating utilization, spend, population impact, disease burden, and risk. Tier assignments are percentile-calibrated and validated using ML weight discovery, sensitivity testing, benchmark analysis, and validation scoring."
27199,hydrocortisone valerate,93.8891,59,99.807507,Strategic Priority,99.77,99.68,99.85,99.69,30.2,92.79,32,99.82,Enterprise Critical,EHI_V6_PRODUCTION_MASTER_V1,Hybrid ML-informed transparent weighting,92.53,Validated,"Calculated using a statistically calibrated healthcare importance framework incorporating utilization, spend, population impact, disease burden, and risk. Tier assignments are percentile-calibrated and validated using ML weight discovery, sensitivity testing, benchmark analysis, and validation scoring."
155323,methylprednisolone acetate,93.8757,60,99.804188,Strategic Priority,99.75,99.67,99.83,99.72,30.15,92.78,33,99.81,Enterprise Critical,EHI_V6_PRODUCTION_MASTER_V1,Hybrid ML-informed transparent weighting,92.53,Validated,"Calculated using a statistically calibrated healthcare importance framework incorporating utilization, spend, population impact, disease burden, and risk. Tier assignments are percentile-calibrated and validated using ML weight discovery, sensitivity testing, benchmark analysis, and validation scoring."
1488564,dapagliflozin,93.8721,61,99.80087,Strategic Priority,99.91,99.86,99.84,99.13,29.82,92.72,36,99.78,Enterprise Critical,EHI_V6_PRODUCTION_MASTER_V1,Hybrid ML-informed transparent weighting,92.53,Validated,"Calculated using a statistically calibrated healthcare importance framework incorporating utilization, spend, population impact, disease burden, and risk. Tier assignments are percentile-calibrated and validated using ML weight discovery, sensitivity testing, benchmark analysis, and validation scoring."
10761,triamcinolone acetonide,93.8712,62,99.797551,Strategic Priority,99.74,99.66,99.81,99.78,30.11,92.78,33,99.81,Enterprise Critical,EHI_V6_PRODUCTION_MASTER_V1,Hybrid ML-informed transparent weighting,92.53,Validated,"Calculated using a statistically calibrated healthcare importance framework incorporating utilization, spend, population impact, disease burden, and risk. Tier assignments are percentile-calibrated and validated using ML weight discovery, sensitivity testing, benchmark analysis, and validation scoring."
705022,fluticasone furoate,93.8697,63,99.794232,Strategic Priority,99.78,99.68,99.83,99.57,30.16,92.76,34,99.8,Enterprise Critical,EHI_V6_PRODUCTION_MASTER_V1,Hybrid ML-informed transparent weighting,92.53,Validated,"Calculated using a statistically calibrated healthcare importance framework incorporating utilization, spend, population impact, disease burden, and risk. Tier assignments are percentile-calibrated and validated using ML weight discovery, sensitivity testing, benchmark analysis, and validation scoring."
40144,levothyroxine sodium,93.8642,64,99.790913,Strategic Priority,99.94,99.81,99.92,99.75,28.54,92.73,35,99.79,Enterprise Critical,EHI_V6_PRODUCTION_MASTER_V1,Hybrid ML-informed transparent weighting,92.53,Validated,"Calculated using a statistically calibrated healthcare importance framework incorporating utilization, spend, population impact, disease burden, and risk. Tier assignments are percentile-calibrated and validated using ML weight discovery, sensitivity testing, benchmark analysis, and validation scoring."
1605101,insulin isophane,93.8622,65,99.787594,Strategic Priority,99.91,99.79,99.9,99.31,29.47,92.71,37,99.78,Enterprise Critical,EHI_V6_PRODUCTION_MASTER_V1,Hybrid ML-informed transparent weighting,92.53,Validated,"Calculated using a statistically calibrated healthcare importance framework incorporating utilization, spend, population impact, disease burden, and risk. Tier assignments are percentile-calibrated and validated using ML weight discovery, sensitivity testing, benchmark analysis, and validation scoring."
22690,dexamethasone acetate,93.8468,66,99.784275,Strategic Priority,99.78,99.71,99.81,99.46,30.03,92.73,35,99.79,Enterprise Critical,EHI_V6_PRODUCTION_MASTER_V1,Hybrid ML-informed transparent weighting,92.53,Validated,"Calculated using a statistically calibrated healthcare importance framework incorporating utilization, spend, population impact, disease burden, and risk. Tier assignments are percentile-calibrated and validated using ML weight discovery, sensitivity testing, benchmark analysis, and validation scoring."
50121,fluticasone propionate,93.8418,67,99.780956,Strategic Priority,99.75,99.66,99.81,99.57,30.06,92.73,35,99.79,Enterprise Critical,EHI_V6_PRODUCTION_MASTER_V1,Hybrid ML-informed transparent weighting,92.53,Validated,"Calculated using a statistically calibrated healthcare importance framework incorporating utilization, spend, population impact, disease burden, and risk. Tier assignments are percentile-calibrated and validated using ML weight discovery, sensitivity testing, benchmark analysis, and validation scoring."
83366,atorvastatin calcium,93.8383,68,99.777638,Strategic Priority,99.94,99.8,99.94,99.39,28.81,92.68,38,99.77,Enterprise Critical,EHI_V6_PRODUCTION_MASTER_V1,Hybrid ML-informed transparent weighting,92.53,Validated,"Calculated using a statistically calibrated healthcare importance framework incorporating utilization, spend, population impact, disease burden, and risk. Tier assignments are percentile-calibrated and validated using ML weight discovery, sensitivity testing, benchmark analysis, and validation scoring."
34376,prednisolone tebutate,93.8376,69,99.774319,Strategic Priority,99.77,99.68,99.8,99.5,30.0,92.72,36,99.78,Enterprise Critical,EHI_V6_PRODUCTION_MASTER_V1,Hybrid ML-informed transparent weighting,92.53,Validated,"Calculated using a statistically calibrated healthcare importance framework incorporating utilization, spend, population impact, disease burden, and risk. Tier assignments are percentile-calibrated and validated using ML weight discovery, sensitivity testing, benchmark analysis, and validation scoring."
203189,methylprednisolone sodium succinate,93.8006,70,99.771,Strategic Priority,99.74,99.65,99.79,99.48,29.83,92.68,38,99.77,Enterprise Critical,EHI_V6_PRODUCTION_MASTER_V1,Hybrid ML-informed transparent weighting,92.53,Validated,"Calculated using a statistically calibrated healthcare importance framework incorporating utilization, spend, population impact, disease burden, and risk. Tier assignments are percentile-calibrated and validated using ML weight discovery, sensitivity testing, benchmark analysis, and validation scoring."
69120,tiotropium,93.7756,71,99.767681,Strategic Priority,99.74,99.64,99.75,99.51,29.59,92.66,39,99.77,Enterprise Critical,EHI_V6_PRODUCTION_MASTER_V1,Hybrid ML-informed transparent weighting,92.53,Validated,"Calculated using a statistically calibrated healthcare importance framework incorporating utilization, spend, population impact, disease burden, and risk. Tier assignments are percentile-calibrated and validated using ML weight discovery, sensitivity testing, benchmark analysis, and validation scoring."
10762,triamcinolone diacetate,93.76,72,99.764362,Strategic Priority,99.71,99.49,99.78,99.72,29.53,92.65,40,99.76,Enterprise Critical,EHI_V6_PRODUCTION_MASTER_V1,Hybrid ML-informed transparent weighting,92.53,Validated,"Calculated using a statistically calibrated healthcare importance framework incorporating utilization, spend, population impact, disease burden, and risk. Tier assignments are percentile-calibrated and validated using ML weight discovery, sensitivity testing, benchmark analysis, and validation scoring."
2601723,tirzepatide,93.7417,73,99.761043,Strategic Priority,99.82,99.84,99.66,99.52,28.46,92.6,41,99.76,Enterprise Critical,EHI_V6_PRODUCTION_MASTER_V1,Hybrid ML-informed transparent weighting,92.53,Validated,"Calculated using a statistically calibrated healthcare importance framework incorporating utilization, spend, population impact, disease burden, and risk. Tier assignments are percentile-calibrated and validated using ML weight discovery, sensitivity testing, benchmark analysis, and validation scoring."
1114195,rivaroxaban,93.7397,74,99.757725,Strategic Priority,99.77,99.84,99.71,97.6,31.72,92.54,44,99.74,Enterprise Critical,EHI_V6_PRODUCTION_MASTER_V1,Hybrid ML-informed transparent weighting,92.53,Validated,"Calculated using a statistically calibrated healthcare importance framework incorporating utilization, spend, population impact, disease burden, and risk. Tier assignments are percentile-calibrated and validated using ML weight discovery, sensitivity testing, benchmark analysis, and validation scoring."
1307298,enzalutamide,93.7221,75,99.754406,Strategic Priority,99.61,99.97,98.81,97.89,33.23,92.6,41,99.76,Enterprise Critical,EHI_V6_PRODUCTION_MASTER_V1,Hybrid ML-informed transparent weighting,92.53,Validated,"Calculated using a statistically calibrated healthcare importance framework incorporating utilization, spend, population impact, disease burden, and risk. Tier assignments are percentile-calibrated and validated using ML weight discovery, sensitivity testing, benchmark analysis, and validation scoring."
6918,metoprolol,93.714,76,99.751087,Strategic Priority,99.88,99.71,99.89,99.65,27.52,92.56,42,99.75,Enterprise Critical,EHI_V6_PRODUCTION_MASTER_V1,Hybrid ML-informed transparent weighting,92.53,Validated,"Calculated using a statistically calibrated healthcare importance framework incorporating utilization, spend, population impact, disease burden, and risk. Tier assignments are percentile-calibrated and validated using ML weight discovery, sensitivity testing, benchmark analysis, and validation scoring."
17767,amlodipine,93.7066,77,99.747768,Strategic Priority,99.91,99.74,99.9,99.58,27.31,92.54,44,99.74,Enterprise Critical,EHI_V6_PRODUCTION_MASTER_V1,Hybrid ML-informed transparent weighting,92.53,Validated,"Calculated using a statistically calibrated healthcare importance framework incorporating utilization, spend, population impact, disease burden, and risk. Tier assignments are percentile-calibrated and validated using ML weight discovery, sensitivity testing, benchmark analysis, and validation scoring."
163524,hydrocortisone cypionate,93.6805,78,99.744449,Strategic Priority,99.71,99.46,99.75,99.43,29.2,92.55,43,99.75,Enterprise Critical,EHI_V6_PRODUCTION_MASTER_V1,Hybrid ML-informed transparent weighting,92.53,Validated,"Calculated using a statistically calibrated healthcare importance framework incorporating utilization, spend, population impact, disease burden, and risk. Tier assignments are percentile-calibrated and validated using ML weight discovery, sensitivity testing, benchmark analysis, and validation scoring."
235483,hydrocortisone sodium succinate,93.6805,78,99.744449,Strategic Priority,99.71,99.46,99.75,99.43,29.2,92.55,43,99.75,Enterprise Critical,EHI_V6_PRODUCTION_MASTER_V1,Hybrid ML-informed transparent weighting,92.53,Validated,"Calculated using a statistically calibrated healthcare importance framework incorporating utilization, spend, population impact, disease burden, and risk. Tier assignments are percentile-calibrated and validated using ML weight discovery, sensitivity testing, benchmark analysis, and validation scoring."
20352,carvedilol,93.6716,80,99.737812,Strategic Priority,99.89,99.73,99.87,99.71,26.86,92.51,45,99.74,Enterprise Critical,EHI_V6_PRODUCTION_MASTER_V1,Hybrid ML-informed transparent weighting,92.53,Validated,"Calculated using a statistically calibrated healthcare importance framework incorporating utilization, spend, population impact, disease burden, and risk. Tier assignments are percentile-calibrated and validated using ML weight discovery, sensitivity testing, benchmark analysis, and validation scoring."
4493,fluoxetine,93.6664,81,99.734493,Strategic Priority,99.91,99.72,99.86,99.54,27.03,92.49,47,99.73,Enterprise Critical,EHI_V6_PRODUCTION_MASTER_V1,Hybrid ML-informed transparent weighting,92.53,Validated,"Calculated using a statistically calibrated healthcare importance framework incorporating utilization, spend, population impact, disease burden, and risk. Tier assignments are percentile-calibrated and validated using ML weight discovery, sensitivity testing, benchmark analysis, and validation scoring."
29046,lisinopril,93.6536,82,99.731174,Strategic Priority,99.89,99.73,99.87,99.58,26.86,92.48,48,99.72,Enterprise Critical,EHI_V6_PRODUCTION_MASTER_V1,Hybrid ML-informed transparent weighting,92.53,Validated,"Calculated using a statistically calibrated healthcare importance framework incorporating utilization, spend, population impact, disease burden, and risk. Tier assignments are percentile-calibrated and validated using ML weight discovery, sensitivity testing, benchmark analysis, and validation scoring."
203191,metoprolol tartrate,93.6359,83,99.727855,Strategic Priority,99.86,99.67,99.84,99.65,26.89,92.47,49,99.72,Enterprise Critical,EHI_V6_PRODUCTION_MASTER_V1,Hybrid ML-informed transparent weighting,92.53,Validated,"Calculated using a statistically calibrated healthcare importance framework incorporating utilization, spend, population impact, disease burden, and risk. Tier assignments are percentile-calibrated and validated using ML weight discovery, sensitivity testing, benchmark analysis, and validation scoring."
4917,nitroglycerin,93.6358,84,99.724536,Strategic Priority,99.5,99.52,99.54,98.47,31.48,92.5,46,99.73,Enterprise Critical,EHI_V6_PRODUCTION_MASTER_V1,Hybrid ML-informed transparent weighting,92.53,Validated,"Calculated using a statistically calibrated healthcare importance framework incorporating utilization, spend, population impact, disease burden, and risk. Tier assignments are percentile-calibrated and validated using ML weight discovery, sensitivity testing, benchmark analysis, and validation scoring."
42463,pravastatin,93.6144,85,99.721217,Strategic Priority,99.89,99.7,99.82,99.49,26.72,92.43,51,99.71,Enterprise Critical,EHI_V6_PRODUCTION_MASTER_V1,Hybrid ML-informed transparent weighting,92.53,Validated,"Calculated using a statistically calibrated healthcare importance framework incorporating utilization, spend, population impact, disease burden, and risk. Tier assignments are percentile-calibrated and validated using ML weight discovery, sensitivity testing, benchmark analysis, and validation scoring."
52175,losartan,93.5952,86,99.717899,Strategic Priority,99.88,99.7,99.82,99.55,26.44,92.42,52,99.71,Enterprise Critical,EHI_V6_PRODUCTION_MASTER_V1,Hybrid ML-informed transparent weighting,92.53,Validated,"Calculated using a statistically calibrated healthcare importance framework incorporating utilization, spend, population impact, disease burden, and risk. Tier assignments are percentile-calibrated and validated using ML weight discovery, sensitivity testing, benchmark analysis, and validation scoring."
221109,"insulin, regular, pork",93.5817,87,99.71458,Strategic Priority,100.0,99.95,99.99,95.55,31.3,92.23,59,99.69,Enterprise Critical,EHI_V6_PRODUCTION_MASTER_V1,Hybrid ML-informed transparent weighting,92.53,Validated,"Calculated using a statistically calibrated healthcare importance framework incorporating utilization, spend, population impact, disease burden, and risk. Tier assignments are percentile-calibrated and validated using ML weight discovery, sensitivity testing, benchmark analysis, and validation scoring."
9601,scopolamine,93.5655,88,99.711261,Strategic Priority,99.22,99.52,99.63,98.54,31.65,92.46,50,99.72,Enterprise Critical,EHI_V6_PRODUCTION_MASTER_V1,Hybrid ML-informed transparent weighting,92.53,Validated,"Calculated using a statistically calibrated healthcare importance framework incorporating utilization, spend, population impact, disease burden, and risk. Tier assignments are percentile-calibrated and validated using ML weight discovery, sensitivity testing, benchmark analysis, and validation scoring."
36567,simvastatin,93.5001,89,99.707942,Strategic Priority,99.9,99.74,99.84,98.84,26.24,92.27,56,99.7,Enterprise Critical,EHI_V6_PRODUCTION_MASTER_V1,Hybrid ML-informed transparent weighting,92.53,Validated,"Calculated using a statistically calibrated healthcare importance framework incorporating utilization, spend, population impact, disease burden, and risk. Tier assignments are percentile-calibrated and validated using ML weight discovery, sensitivity testing, benchmark analysis, and validation scoring."
301542,rosuvastatin,93.4986,90,99.704623,Strategic Priority,99.88,99.67,99.8,99.49,25.51,92.3,55,99.7,Enterprise Critical,EHI_V6_PRODUCTION_MASTER_V1,Hybrid ML-informed transparent weighting,92.53,Validated,"Calculated using a statistically calibrated healthcare importance framework incorporating utilization, spend, population impact, disease burden, and risk. Tier assignments are percentile-calibrated and validated using ML weight discovery, sensitivity testing, benchmark analysis, and validation scoring."
3992,epinephrine,93.4858,91,99.701304,Strategic Priority,99.54,99.6,99.6,99.31,27.81,92.34,54,99.7,Enterprise Critical,EHI_V6_PRODUCTION_MASTER_V1,Hybrid ML-informed transparent weighting,92.53,Validated,"Calculated using a statistically calibrated healthcare importance framework incorporating utilization, spend, population impact, disease burden, and risk. Tier assignments are percentile-calibrated and validated using ML weight discovery, sensitivity testing, benchmark analysis, and validation scoring."
6816,methamphetamine,93.469,92,99.697985,Strategic Priority,99.31,99.27,99.34,98.5,31.38,92.35,53,99.71,Enterprise Critical,EHI_V6_PRODUCTION_MASTER_V1,Hybrid ML-informed transparent weighting,92.53,Validated,"Calculated using a statistically calibrated healthcare importance framework incorporating utilization, spend, population impact, disease burden, and risk. Tier assignments are percentile-calibrated and validated using ML weight discovery, sensitivity testing, benchmark analysis, and validation scoring."
1790539,infliximab-dyyb,93.4657,93,99.694667,Strategic Priority,98.82,99.81,98.52,99.83,31.66,92.51,45,99.74,Enterprise Critical,EHI_V6_PRODUCTION_MASTER_V1,Hybrid ML-informed transparent weighting,92.53,Validated,"Calculated using a statistically calibrated healthcare importance framework incorporating utilization, spend, population impact, disease burden, and risk. Tier assignments are percentile-calibrated and validated using ML weight discovery, sensitivity testing, benchmark analysis, and validation scoring."
203160,losartan potassium,93.4613,94,99.691348,Strategic Priority,99.85,99.65,99.79,99.55,25.18,92.26,57,99.69,Enterprise Critical,EHI_V6_PRODUCTION_MASTER_V1,Hybrid ML-informed transparent weighting,92.53,Validated,"Calculated using a statistically calibrated healthcare importance framework incorporating utilization, spend, population impact, disease burden, and risk. Tier assignments are percentile-calibrated and validated using ML weight discovery, sensitivity testing, benchmark analysis, and validation scoring."
203144,pravastatin sodium,93.4542,95,99.688029,Strategic Priority,99.85,99.64,99.78,99.49,25.24,92.25,58,99.69,Enterprise Critical,EHI_V6_PRODUCTION_MASTER_V1,Hybrid ML-informed transparent weighting,92.53,Validated,"Calculated using a statistically calibrated healthcare importance framework incorporating utilization, spend, population impact, disease burden, and risk. Tier assignments are percentile-calibrated and validated using ML weight discovery, sensitivity testing, benchmark analysis, and validation scoring."
4083,estradiol,93.3823,96,99.68471,Strategic Priority,99.45,99.57,99.57,98.93,27.76,92.22,60,99.68,Enterprise Critical,EHI_V6_PRODUCTION_MASTER_V1,Hybrid ML-informed transparent weighting,92.53,Validated,"Calculated using a statistically calibrated healthcare importance framework incorporating utilization, spend, population impact, disease burden, and risk. Tier assignments are percentile-calibrated and validated using ML weight discovery, sensitivity testing, benchmark analysis, and validation scoring."
5640,ibuprofen,93.3677,97,99.681391,Strategic Priority,99.48,99.59,99.65,96.21,31.7,92.1,63,99.67,Enterprise Critical,EHI_V6_PRODUCTION_MASTER_V1,Hybrid ML-informed transparent weighting,92.53,Validated,"Calculated using a statistically calibrated healthcare importance framework incorporating utilization, spend, population impact, disease burden, and risk. Tier assignments are percentile-calibrated and validated using ML weight discovery, sensitivity testing, benchmark analysis, and validation scoring."
25480,gabapentin,93.3606,98,99.678072,Strategic Priority,99.96,99.82,99.96,95.58,29.21,91.97,68,99.65,Enterprise Critical,EHI_V6_PRODUCTION_MASTER_V1,Hybrid ML-informed transparent weighting,92.53,Validated,"Calculated using a statistically calibrated healthcare importance framework incorporating utilization, spend, population impact, disease burden, and risk. Tier assignments are percentile-calibrated and validated using ML weight discovery, sensitivity testing, benchmark analysis, and validation scoring."
36437,sertraline,93.3556,99,99.674754,Strategic Priority,99.9,99.69,99.77,99.55,23.63,92.13,61,99.68,Enterprise Critical,EHI_V6_PRODUCTION_MASTER_V1,Hybrid ML-informed transparent weighting,92.53,Validated,"Calculated using a statistically calibrated healthcare importance framework incorporating utilization, spend, population impact, disease burden, and risk. Tier assignments are percentile-calibrated and validated using ML weight discovery, sensitivity testing, benchmark analysis, and validation scoring."
6387,lidocaine,93.2705,100,99.671435,Strategic Priority,99.39,99.6,99.65,97.83,28.28,92.06,64,99.67,Enterprise Critical,EHI_V6_PRODUCTION_MASTER_V1,Hybrid ML-informed transparent weighting,92.53,Validated,"Calculated using a statistically calibrated healthcare importance framework incorporating utilization, spend, population impact, disease burden, and risk. Tier assignments are percentile-calibrated and validated using ML weight discovery, sensitivity testing, benchmark analysis, and validation scoring."
