rxcui,drug_name,ehi_v6_ml_weighted_score,ehi_v6_ml_rank,ehi_v6_ml_percentile,ehi_v6_ml_tier_label,utilization_score,spend_score,population_impact_score,disease_burden_score,risk_score
327361,adalimumab,94.33667456617768,1,100.0,Strategic Priority,99.88,100.0,99.85,100.0,33.66
1364430,apixaban,94.25219114042986,2,99.9966811589393,Strategic Priority,99.95,99.9,99.95,99.85,32.64
253337,bevacizumab,94.24456944185533,3,99.99336231787859,Strategic Priority,99.66,99.99,99.7,99.94,34.01
1547545,pembrolizumab,94.23285222650605,4,99.99004347681789,Strategic Priority,99.64,99.99,99.69,99.93,34.0
253182,"insulin, regular, human",94.23038522614249,5,99.9867246357572,Strategic Priority,100.0,99.96,100.0,99.95,31.73
86009,insulin lispro,94.21171152751492,6,99.9834057946965,Strategic Priority,99.99,99.95,100.0,99.92,31.63
342369,lenalidomide,94.20458062250074,7,99.98008695363579,Strategic Priority,99.68,100.0,99.68,99.81,33.67
274783,insulin glargine,94.20187955719078,8,99.97676811257509,Strategic Priority,99.99,99.94,99.99,99.95,31.51
51428,"insulin aspart, human",94.19775874919945,9,99.9734492715144,Strategic Priority,99.99,99.95,99.99,99.88,31.55
224905,trastuzumab,94.19704128697022,10,99.97013043045368,Strategic Priority,99.66,99.99,99.68,99.84,33.65
1670007,insulin degludec,94.19039522119851,11,99.96681158939298,Strategic Priority,99.98,99.94,99.98,99.95,31.44
400008,"insulin glulisine, human",94.180685172383,12,99.96349274833229,Strategic Priority,99.98,99.93,99.98,99.92,31.4
1597876,nivolumab,94.17495961481448,13,99.96017390727158,Strategic Priority,99.64,99.98,99.65,99.85,33.55
121191,rituximab,94.17045072893637,14,99.95685506621088,Strategic Priority,99.64,99.98,99.64,99.86,33.5
11289,warfarin,94.16064399823277,15,99.95353622515017,Strategic Priority,99.88,99.86,99.88,99.79,32.22
1991302,semaglutide,94.14665493856224,16,99.95021738408948,Strategic Priority,99.97,99.91,99.96,99.88,31.2
191831,infliximab,94.1425525074035,17,99.94689854302877,Strategic Priority,99.72,99.96,99.71,99.83,32.76
1721560,osimertinib,94.12895815851583,18,99.94357970196808,Strategic Priority,99.64,99.98,99.64,99.56,33.5
214555,etanercept,94.11940132183184,19,99.94026086090737,Strategic Priority,99.72,99.96,99.69,99.76,32.64
114194,warfarin sodium,94.11729780237249,20,99.93694201984667,Strategic Priority,99.85,99.85,99.8,99.79,32.03
1371041,ado-trastuzumab emtansine,94.09482723333853,21,99.93362317878596,Strategic Priority,99.62,99.97,99.57,99.44,33.55
32968,clopidogrel,94.08056931054806,22,99.93030433772526,Strategic Priority,99.86,99.86,99.79,99.59,31.87
253181,"insulin isophane, human",94.07554896925376,23,99.92698549666457,Strategic Priority,99.98,99.93,99.98,99.3,31.17
847083,ustekinumab,94.07405239076641,24,99.92366665560385,Strategic Priority,99.69,99.94,99.62,99.67,32.58
1116632,ticagrelor,94.06002904621201,25,99.92034781454316,Strategic Priority,99.84,99.84,99.77,99.56,31.86
1442981,ibrutinib,94.04193654079299,26,99.91702897348246,Strategic Priority,99.61,99.97,99.31,99.45,33.47
221108,"insulin isophane, pork",94.0244021141258,27,99.91371013242176,Strategic Priority,99.97,99.92,99.97,99.09,31.0
352385,"insulin aspart protamine, human",94.01239579487779,28,99.91039129136105,Strategic Priority,99.97,99.92,99.93,99.46,30.33
8638,prednisolone,93.99404796331021,29,99.90707245030036,Strategic Priority,99.83,99.78,99.95,99.78,30.56
236991,clopidogrel bisulfate,93.98619659050047,30,99.90375360923966,Strategic Priority,99.85,99.85,99.73,99.25,31.5
3264,dexamethasone,93.98489078465485,31,99.90043476817895,Strategic Priority,99.82,99.77,99.94,99.77,30.56
5492,hydrocortisone,93.9807415276128,32,99.89711592711825,Strategic Priority,99.82,99.77,99.94,99.74,30.56
1599538,edoxaban,93.9803493161976,33,99.89379708605755,Strategic Priority,99.79,99.83,99.71,99.36,31.62
10759,triamcinolone,93.97900364106648,34,99.89047824499686,Strategic Priority,99.81,99.77,99.93,99.78,30.54
2103477,adalimumab-adbm,93.97867396100973,35,99.88715940393614,Strategic Priority,99.58,99.75,99.59,100.0,31.97
2103479,adalimumab-atto,93.97867396100973,35,99.88715940393614,Strategic Priority,99.58,99.75,99.59,100.0,31.97
2612153,adalimumab-bwwd,93.970031373797,37,99.88052172181474,Strategic Priority,99.58,99.75,99.56,99.98,31.96
8640,prednisone,93.96484955605403,38,99.87720288075404,Strategic Priority,99.81,99.76,99.92,99.73,30.5
6902,methylprednisolone,93.96346647037335,39,99.87388403969334,Strategic Priority,99.81,99.76,99.92,99.72,30.5
60548,exenatide,93.95864318926598,40,99.87056519863263,Strategic Priority,99.92,99.87,99.87,99.59,29.96
1545653,empagliflozin,93.95780065544052,41,99.86724635757194,Strategic Priority,99.93,99.88,99.9,99.54,29.9
83367,atorvastatin,93.95432427420299,42,99.86392751651123,Strategic Priority,99.95,99.82,99.97,99.7,29.52
1551291,dulaglutide,93.95159028364652,43,99.86060867545054,Strategic Priority,99.92,99.87,99.88,99.6,29.84
1373458,canagliflozin,93.94199073143426,44,99.85728983438983,Strategic Priority,99.92,99.87,99.83,99.64,29.76
103468,hydrocortisone butyrate,93.93705025143107,45,99.85397099332913,Strategic Priority,99.8,99.73,99.91,99.69,30.38
6809,metformin,93.93695120405441,46,99.85065215226842,Strategic Priority,99.96,99.83,99.97,99.64,29.34
475968,liraglutide,93.93194650602473,47,99.84733331120773,Strategic Priority,99.93,99.88,99.91,99.28,30.0
19831,budesonide,93.93147355649825,48,99.84401447014703,Strategic Priority,99.8,99.76,99.91,99.59,30.4
27197,hydrocortisone acetate,93.92861397261177,49,99.84069562908631,Strategic Priority,99.79,99.72,99.89,99.74,30.31
10582,levothyroxine,93.92857392674567,50,99.83737678802562,Strategic Priority,99.96,99.83,99.96,99.75,29.08
314684,"insulin lispro protamine, human",93.92255500675027,51,99.83405794696492,Strategic Priority,99.95,99.9,99.82,99.16,30.12
27196,hydrocortisone probutate,93.91917785802812,52,99.83073910590421,Strategic Priority,99.79,99.72,99.88,99.69,30.3
1538097,vedolizumab,93.91784430579835,53,99.82742026484351,Strategic Priority,99.63,99.93,99.35,99.09,32.52
41126,fluticasone,93.91423007191877,54,99.82410142378282,Strategic Priority,99.8,99.74,99.89,99.57,30.32
48933,dexamethasone sodium phosphate,93.91248429372553,55,99.82078258272212,Strategic Priority,99.78,99.71,99.87,99.71,30.28
55062,prednisolone sodium phosphate,93.9057622803722,56,99.81746374166141,Strategic Priority,99.77,99.69,99.86,99.77,30.22
34372,prednisolone acetate,93.89855207281389,57,99.81414490060071,Strategic Priority,99.77,99.69,99.85,99.73,30.22
235743,metformin hydrochloride,93.89527555642115,58,99.81082605954,Strategic Priority,99.94,99.81,99.95,99.64,29.03
27199,hydrocortisone valerate,93.88914458100697,59,99.8075072184793,Strategic Priority,99.77,99.68,99.85,99.69,30.2
155323,methylprednisolone acetate,93.87572105177136,60,99.8041883774186,Strategic Priority,99.75,99.67,99.83,99.72,30.15
1488564,dapagliflozin,93.87209192648368,61,99.80086953635791,Strategic Priority,99.91,99.86,99.84,99.13,29.82
10761,triamcinolone acetonide,93.87119632266666,62,99.7975506952972,Strategic Priority,99.74,99.66,99.81,99.78,30.11
705022,fluticasone furoate,93.86972725953322,63,99.7942318542365,Strategic Priority,99.78,99.68,99.83,99.57,30.16
40144,levothyroxine sodium,93.86415765851449,64,99.7909130131758,Strategic Priority,99.94,99.81,99.92,99.75,28.54
1605101,insulin isophane,93.86222936592259,65,99.7875941721151,Strategic Priority,99.91,99.79,99.9,99.31,29.47
22690,dexamethasone acetate,93.84676942907892,66,99.78427533105439,Strategic Priority,99.78,99.71,99.81,99.46,30.03
50121,fluticasone propionate,93.84184413839327,67,99.7809564899937,Strategic Priority,99.75,99.66,99.81,99.57,30.06
83366,atorvastatin calcium,93.83828897359143,68,99.777637648933,Strategic Priority,99.94,99.8,99.94,99.39,28.81
34376,prednisolone tebutate,93.83762020200324,69,99.77431880787229,Strategic Priority,99.77,99.68,99.8,99.5,30.0
203189,methylprednisolone sodium succinate,93.80055951853008,70,99.77099996681159,Strategic Priority,99.74,99.65,99.79,99.48,29.83
69120,tiotropium,93.7755800975635,71,99.76768112575088,Strategic Priority,99.74,99.64,99.75,99.51,29.59
10762,triamcinolone diacetate,93.76003880214054,72,99.7643622846902,Strategic Priority,99.71,99.49,99.78,99.72,29.53
2601723,tirzepatide,93.74166748963113,73,99.76104344362949,Strategic Priority,99.82,99.84,99.66,99.52,28.46
1114195,rivaroxaban,93.73973051275009,74,99.75772460256879,Strategic Priority,99.77,99.84,99.71,97.6,31.72
1307298,enzalutamide,93.72205422055615,75,99.75440576150808,Strategic Priority,99.61,99.97,98.81,97.89,33.23
6918,metoprolol,93.71399003563315,76,99.75108692044739,Strategic Priority,99.88,99.71,99.89,99.65,27.52
17767,amlodipine,93.70657573688375,77,99.74776807938667,Strategic Priority,99.91,99.74,99.9,99.58,27.31
163524,hydrocortisone cypionate,93.68051409933605,78,99.74444923832597,Strategic Priority,99.71,99.46,99.75,99.43,29.2
235483,hydrocortisone sodium succinate,93.68051409933605,78,99.74444923832597,Strategic Priority,99.71,99.46,99.75,99.43,29.2
20352,carvedilol,93.67159234583372,80,99.73781155620458,Strategic Priority,99.89,99.73,99.87,99.71,26.86
4493,fluoxetine,93.66635392437891,81,99.73449271514387,Strategic Priority,99.91,99.72,99.86,99.54,27.03
29046,lisinopril,93.65361223198482,82,99.73117387408317,Strategic Priority,99.89,99.73,99.87,99.58,26.86
203191,metoprolol tartrate,93.63593149767479,83,99.72785503302248,Strategic Priority,99.86,99.67,99.84,99.65,26.89
4917,nitroglycerin,93.63576186076324,84,99.72453619196176,Strategic Priority,99.5,99.52,99.54,98.47,31.48
42463,pravastatin,93.61440711867108,85,99.72121735090107,Strategic Priority,99.89,99.7,99.82,99.49,26.72
52175,losartan,93.595199913361,86,99.71789850984037,Strategic Priority,99.88,99.7,99.82,99.55,26.44
221109,"insulin, regular, pork",93.58171883759123,87,99.71457966877966,Strategic Priority,100.0,99.95,99.99,95.55,31.3
9601,scopolamine,93.56548399806974,88,99.71126082771896,Strategic Priority,99.22,99.52,99.63,98.54,31.65
36567,simvastatin,93.50007160187872,89,99.70794198665826,Strategic Priority,99.9,99.74,99.84,98.84,26.24
301542,rosuvastatin,93.49859476536926,90,99.70462314559757,Strategic Priority,99.88,99.67,99.8,99.49,25.51
3992,epinephrine,93.4858357516064,91,99.70130430453685,Strategic Priority,99.54,99.6,99.6,99.31,27.81
6816,methamphetamine,93.46896023463503,92,99.69798546347616,Strategic Priority,99.31,99.27,99.34,98.5,31.38
1790539,infliximab-dyyb,93.46572869115877,93,99.69466662241545,Strategic Priority,98.82,99.81,98.52,99.83,31.66
203160,losartan potassium,93.46130313222221,94,99.69134778135475,Strategic Priority,99.85,99.65,99.79,99.55,25.18
203144,pravastatin sodium,93.45419417497547,95,99.68802894029405,Strategic Priority,99.85,99.64,99.78,99.49,25.24
4083,estradiol,93.38230177962801,96,99.68471009923334,Strategic Priority,99.45,99.57,99.57,98.93,27.76
5640,ibuprofen,93.36769618097796,97,99.68139125817265,Strategic Priority,99.48,99.59,99.65,96.21,31.7
25480,gabapentin,93.36059436898567,98,99.67807241711193,Strategic Priority,99.96,99.82,99.96,95.58,29.21
36437,sertraline,93.35560172843206,99,99.67475357605124,Strategic Priority,99.9,99.69,99.77,99.55,23.63
6387,lidocaine,93.2705401720783,100,99.67143473499054,Strategic Priority,99.39,99.6,99.65,97.83,28.28
